NO;TLM Topic;TLM Feature Class;TLM Attribute (Objektart);TLM Attribute Value;Geometry;Mapping Description;DGIF Feature Alpha;DGIF Feature 531;DGIF Attribute Alpha;DGIF Attribute 531;DGIF AttributeValue Alpha;DGIF Value 531;DGIF Attribute Alpha;DGIF Attribute 531;DGIF AttributeValue Alpha;DGIF Value 531;
1;TLM_AREALE;TLM_FREIZEITAREAL;Objektart;Campingplatzareal;Polygon;OK;CampSite;AK060;;;;;;;;
2;TLM_AREALE;TLM_FREIZEITAREAL;Objektart;Freizeitanlagenareal;Polygon;Generalization;AmusementPark;AK030;;;;;;;;
3;TLM_AREALE;TLM_FREIZEITAREAL;Objektart;Golfplatzareal;Polygon;OK;GolfCourse;AK100;;;;;;;;
4;TLM_AREALE;TLM_FREIZEITAREAL;Objektart;Pferderennbahnareal;Polygon;OK;Racetrack;AK130;;;;;;;;
5;TLM_AREALE;TLM_FREIZEITAREAL;Objektart;Schwimmbadareal;Polygon;OK;SwimmingPool;AK170;;;;;;;;
6;TLM_AREALE;TLM_FREIZEITAREAL;Objektart;Sportplatzareal;Polygon;OK;SportsGround;AK040;;;;;;;;
7;TLM_AREALE;TLM_FREIZEITAREAL;Objektart;Standplatzareal;Polygon;Generalization;CampSite;AK060;;;;;;;;
8;TLM_AREALE;TLM_FREIZEITAREAL;Objektart;Zooareal;Polygon;OK;Zoo;AK180;;;;;;;;
9;TLM_AREALE;TLM_NUTZUNGSAREAL;Objektart;Abwasserreinigungsareal;Polygon;OK;SewageTreatmentPlant;AB000;;;;;;;;
10;TLM_AREALE;TLM_NUTZUNGSAREAL;Objektart;Baumschule;Polygon;Generalization;Orchard;EA050;;;;;;;;
11;TLM_AREALE;TLM_NUTZUNGSAREAL;Objektart;Deponieareal;Polygon;OK;DisposalSite;AB010;;;;;;;;
12;TLM_AREALE;TLM_NUTZUNGSAREAL;Objektart;Friedhof;Polygon;OK;Cemetery;AL030;;;;;;;;
13;TLM_AREALE;TLM_NUTZUNGSAREAL;Objektart;Historisches_Areal;Polygon;Generalization;ArcheologicalSite;AL012;;;;;;;;
14;TLM_AREALE;TLM_NUTZUNGSAREAL;Objektart;Abbauareal;Polygon;OK;ExtractionMine;AA010;;;;;;;;
15;TLM_AREALE;TLM_NUTZUNGSAREAL;Objektart;Kraftwerkareal;Polygon;OK;ElectricPowerStation;AD010;;;;;;;;
16;TLM_AREALE;TLM_NUTZUNGSAREAL;Objektart;Messeareal;Polygon;Generalization;Fairground;AK010;;;;;;;;
17;TLM_AREALE;TLM_NUTZUNGSAREAL;Objektart;Obstanlage;Polygon;OK;Orchard;EA050;;;;;;;;
18;TLM_AREALE;TLM_NUTZUNGSAREAL;Objektart;Oeffentliches_Parkareal;Polygon;OK;Park;AK120;;;;;;;;
19;TLM_AREALE;TLM_NUTZUNGSAREAL;Objektart;Reben;Polygon;OK;Vineyard;EA060;;;;;;;;
20;TLM_AREALE;TLM_NUTZUNGSAREAL;Objektart;Schrebergartenareal;Polygon;Generalization;AllotmentArea;AJ110;;;;;;;;
21;TLM_AREALE;TLM_NUTZUNGSAREAL;Objektart;Schul_und_Hochschulareal;Polygon;Generalization;EducationalAmenity;AL019;;;;;;;;
22;TLM_AREALE;TLM_NUTZUNGSAREAL;Objektart;Spitalareal;Polygon;Generalization;Building;AL013;featureFunction;FFN;hospital;830;;;;
23;TLM_AREALE;TLM_NUTZUNGSAREAL;Objektart;Wald_nicht_bestockt;Polygon;Generalization;Forest;EC015;;;;;;;;
24;TLM_AREALE;TLM_NUTZUNGSAREAL;Objektart;Antennenareal;Polygon;Generalization;Aerial;AT010;;;;;;;;
25;TLM_AREALE;TLM_NUTZUNGSAREAL;Objektart;Kehrichtverbrennungsareal;Polygon;Generalization;DisposalSite;AB010;;;;;;;;
26;TLM_AREALE;TLM_NUTZUNGSAREAL;Objektart;Klosterareal;Polygon;Generalization;Building;AL013;featureFunction;FFN;religiousActivities;930;;;;
27;TLM_AREALE;TLM_NUTZUNGSAREAL;Objektart;Massnahmenvollzugsanstaltsareal;Polygon;Generalization;Building;AL013;featureFunction;FFN;lawEnforcement;810;;;;
28;TLM_AREALE;TLM_NUTZUNGSAREAL;Objektart;Unterwerkareal;Polygon;OK;PowerSubstation;AD030;;;;;;;;
29;TLM_AREALE;TLM_NUTZUNGSAREAL;Objektart;Truppenuebungsplatz;Polygon;OK;TrainingSite;FA015;;;;;;;;
30;TLM_AREALE;TLM_VERKEHRSAREAL;Objektart;Flugfeldareal;Polygon;Generalization;Aerodrome;GB001;;;;;;;;
31;TLM_AREALE;TLM_VERKEHRSAREAL;Objektart;Flughafenareal;Polygon;OK;Aerodrome;GB001;;;;;;;;
32;TLM_AREALE;TLM_VERKEHRSAREAL;Objektart;Flugplatzareal;Polygon;OK;Aerodrome;GB001;;;;;;;;
33;TLM_AREALE;TLM_VERKEHRSAREAL;Objektart;Heliport;Polygon;OK;Heliport;GB055;;;;;;;;
34;TLM_AREALE;TLM_VERKEHRSAREAL;Objektart;Oeffentliches_Parkplatzareal;Polygon;OK;VehicleLot;AQ140;;;;;;;;
35;TLM_AREALE;TLM_VERKEHRSAREAL;Objektart;Privates_Fahrareal;Polygon;Generalization;VehicleLot;AQ140;;;;;;;;
36;TLM_AREALE;TLM_VERKEHRSAREAL;Objektart;Privates_Parkplatzareal;Polygon;Generalization;VehicleLot;AQ140;;;;;;;;
37;TLM_AREALE;TLM_VERKEHRSAREAL;Objektart;Rastplatzareal;Polygon;Generalization;Facility;AL010;;;;;;;;
38;TLM_AREALE;TLM_VERKEHRSAREAL;Objektart;Verkehrsflaeche;Polygon;Generalization;LandTransportationWay;AP030;;;;;;;;
39;TLM_AREALE;TLM_VERKEHRSAREAL;Objektart;Gleisareal;Polygon;Generalization;RailwayYard;AN060;;;;;;;;
40;TLM_AREALE;TLM_SCHUTZGEBIET;Objektart;Nationalpark;Polygon;OK;ConservationArea;FA003;;;;;;;;
41;TLM_BAUTEN;TLM_GEBAEUDE_FOOTPRINT;Objektart;Gebaeude;Polygon;OK;Building;AL013;;;;;;;;
42;TLM_BAUTEN;TLM_GEBAEUDE_FOOTPRINT;Objektart;Historische_Baute;Polygon;Generalization;Building;AL013;historicSignificance;HSS;historic;2;;;;
43;TLM_BAUTEN;TLM_GEBAEUDE_FOOTPRINT;Objektart;Kapelle;Polygon;Generalization;Building;AL013;featureFunction;FFN;religiousActivities;930;;;;
44;TLM_BAUTEN;TLM_GEBAEUDE_FOOTPRINT;Objektart;Sakraler_Turm;Polygon;Generalization;Tower;AL241;featureFunction;FFN;religiousActivities;930;;;;
45;TLM_BAUTEN;TLM_GEBAEUDE_FOOTPRINT;Objektart;Sakrales_Gebaeude;Polygon;Generalization;Building;AL013;featureFunction;FFN;religiousActivities;930;;;;
46;TLM_BAUTEN;TLM_GEBAEUDE_FOOTPRINT;Objektart;Hochhaus;Polygon;Generalization;Building;AL013;;;;;;;;
47;TLM_BAUTEN;TLM_GEBAEUDE_FOOTPRINT;Objektart;Hochkamin;Polygon;OK;Smokestack;AF030;;;;;;;;
48;TLM_BAUTEN;TLM_GEBAEUDE_FOOTPRINT;Objektart;Turm;Polygon;OK;Tower;AL241;;;;;;;;
49;TLM_BAUTEN;TLM_GEBAEUDE_FOOTPRINT;Objektart;Kuehlturm;Polygon;OK;CoolingTower;AF040;;;;;;;;
50;TLM_BAUTEN;TLM_GEBAEUDE_FOOTPRINT;Objektart;Lagertank;Polygon;OK;StorageTank;AM070;;;;;;;;
51;TLM_BAUTEN;TLM_GEBAEUDE_FOOTPRINT;Objektart;Lueftungsschacht;Polygon;not in DGIF;;;;;;;;;;
52;TLM_BAUTEN;TLM_GEBAEUDE_FOOTPRINT;Objektart;Offenes_Gebaeude;Polygon;Generalization;Building;AL013;;;;;;;;
53;TLM_BAUTEN;TLM_GEBAEUDE_FOOTPRINT;Objektart;Treibhaus;Polygon;Generalization;Building;AL013;featureFunction;FFN;agriculture;001;;;;
54;TLM_BAUTEN;TLM_GEBAEUDE_FOOTPRINT;Objektart;Im_Bau;Polygon;Generalization;ConstructionZone;AL023;;;;;;;;
55;TLM_BAUTEN;TLM_GEBAEUDE_FOOTPRINT;Objektart;Flugdach;Polygon;Generalization;Building;AL013;;;;;;;;
56;TLM_BAUTEN;TLM_GEBAEUDE_FOOTPRINT;Objektart;Unterirdisches_Gebaeude;Polygon;Generalization;UndergroundDwelling;AL065;;;;;;;;
57;TLM_BAUTEN;TLM_GEBAEUDE_FOOTPRINT;Objektart;Verbindungsbruecke;Polygon;Generalization;Bridge;AQ040;;;;;;;;
58;TLM_BAUTEN;TLM_GEBAEUDE_FOOTPRINT;Objektart;Mauer_gross;Polygon;OK;Wall;AL260;;;;;;;;
59;TLM_BAUTEN;TLM_GEBAEUDE_FOOTPRINT;Objektart;Mauer_gross_gedeckt;Polygon;Generalization;Wall;AL260;;;;;;;;
60;TLM_BAUTEN;TLM_GEBAEUDE_FOOTPRINT;Objektart;Einhausung;Polygon;Generalization;Building;AL013;;;;;;;;
61;TLM_BAUTEN;TLM_MAUER;Objektart;Mauer;Line;OK;Wall;AL260;;;;;;;;
62;TLM_BAUTEN;TLM_SPORTBAUTE_LIN;Objektart;Bobbahn;Line;Generalization;Racetrack;AK130;;;;;;;;
63;TLM_BAUTEN;TLM_SPORTBAUTE_LIN;Objektart;Laufbahn;Line;Generalization;Racetrack;AK130;;;;;;;;
64;TLM_BAUTEN;TLM_SPORTBAUTE_LIN;Objektart;Pferderennbahn;Line;OK;Racetrack;AK130;;;;;;;;
65;TLM_BAUTEN;TLM_SPORTBAUTE_LIN;Objektart;Rodelbahn;Line;Generalization;Racetrack;AK130;;;;;;;;
66;TLM_BAUTEN;TLM_SPORTBAUTE_LIN;Objektart;Scheibenstand;Line;OK;FiringRange;FA015;;;;;;;;
67;TLM_BAUTEN;TLM_SPORTBAUTE_LIN;Objektart;Skisprungschanze;Line;OK;SkiJump;AK150;;;;;;;;
68;TLM_BAUTEN;TLM_SPORTBAUTE_PLY;Objektart;Sportplatz;Polygon;OK;SportsGround;AK040;;;;;;;;
69;TLM_BAUTEN;TLM_STAUBAUTE;Objektart;Staumauer;Polygon;OK;Dam;BI020;damType;DWT;gravityConcrete;2;;;;
70;TLM_BAUTEN;TLM_STAUBAUTE;Objektart;Staudamm;Polygon;OK;Dam;BI020;damType;DWT;earthFill;1;;;;
71;TLM_BAUTEN;TLM_STAUBAUTE;Objektart;Wasserbecken;Polygon;Generalization;InlandWaterbody;BH082;;;;;;;;
72;TLM_BAUTEN;TLM_STAUBAUTE;Objektart;Wehr;Polygon;OK;Dam;BI020;damType;DWT;weir;5;;;;
73;TLM_BAUTEN;TLM_STAUBAUTE;Objektart;Schutzdamm;Polygon;Generalization;Embankment;DB090;;;;;;;;
74;TLM_BAUTEN;TLM_VERBAUUNG;Objektart;Gewaesserverbauung;Line;Generalization;ShorelineConstruction;BB081;;;;;;;;
75;TLM_BAUTEN;TLM_VERBAUUNG;Objektart;Schutzverbauung;Line;Generalization;Fortification;AH055;;;;;;;;
76;TLM_BAUTEN;TLM_VERBAUUNG;Objektart;Trockenmauer;Line;OK;Wall;AL260;;;;;;;;
77;TLM_BAUTEN;TLM_VERKEHRSBAUTE_LIN;Objektart;Hafensteg;Line;Generalization;ShorelineConstruction;BB081;;;;;;;;
78;TLM_BAUTEN;TLM_VERKEHRSBAUTE_PLY;Objektart;Graspiste;Polygon;Generalization;Runway;GB045;;;;;;;;
79;TLM_BAUTEN;TLM_VERKEHRSBAUTE_PLY;Objektart;Hartbelagpiste;Polygon;OK;Runway;GB045;;;;;;;;
80;TLM_BAUTEN;TLM_VERKEHRSBAUTE_PLY;Objektart;Perron;Polygon;Generalization;TransportationPlatform;AQ125;;;;;;;;
81;TLM_BAUTEN;TLM_VERKEHRSBAUTE_PLY;Objektart;Rollfeld_Gras;Polygon;Generalization;Taxiway;GB050;;;;;;;;
82;TLM_BAUTEN;TLM_VERKEHRSBAUTE_PLY;Objektart;Rollfeld_Hartbelag;Polygon;OK;Taxiway;GB050;;;;;;;;
83;TLM_BAUTEN;TLM_VERKEHRSBAUTE_PLY;Objektart;Schleuse;Polygon;OK;Lock;BI030;;;;;;;;
84;TLM_BAUTEN;TLM_LEITUNG;Objektart;Stromleitung;Line;OK;Cable;AT005;;;;;;;;
85;TLM_BAUTEN;TLM_VERSORGUNGSBAUTE_PKT;Objektart;Antenne_gross;Point;OK;Aerial;AT010;;;;;;;;
86;TLM_BAUTEN;TLM_VERSORGUNGSBAUTE_PKT;Objektart;Windturbine;Point;OK;WindTurbine;AJ051;;;;;;;;
87;TLM_BAUTEN;TLM_VERSORGUNGSBAUTE_PKT;Objektart;Antenne_klein;Point;Generalization;Aerial;AT010;;;;;;;;
88;TLM_BB;TLM_BODENBEDECKUNG;Objektart;Fels;Polygon;OK;RockFormation;DB160;;;;;;;;
89;TLM_BB;TLM_BODENBEDECKUNG;Objektart;Feuchtgebiet;Polygon;Generalization;InundatedLand;ED020;;;;;;;;
90;TLM_BB;TLM_BODENBEDECKUNG;Objektart;Fliessgewaesser;Polygon;Generalization;River;BH140;;;;;;;;
91;TLM_BB;TLM_BODENBEDECKUNG;Objektart;Gebueschwald;Polygon;Generalization;ShrubLand;EB020;;;;;;;;
92;TLM_BB;TLM_BODENBEDECKUNG;Objektart;Gletscher;Polygon;OK;Glacier;BJ030;;;;;;;;
93;TLM_BB;TLM_BODENBEDECKUNG;Objektart;Lockergestein;Polygon;Generalization;SoilSurfaceRegion;DA010;;;;;;;;
94;TLM_BB;TLM_BODENBEDECKUNG;Objektart;Stehende_Gewaesser;Polygon;OK;InlandWaterbody;BH082;;;;;;;;
95;TLM_BB;TLM_BODENBEDECKUNG;Objektart;Wald;Polygon;OK;Forest;EC015;;;;;;;;
96;TLM_BB;TLM_BODENBEDECKUNG;Objektart;Wald_offen;Polygon;Generalization;Forest;EC015;;;;;;;;
97;TLM_BB;TLM_BODENBEDECKUNG;Objektart;Fels_locker;Polygon;Generalization;RockFormation;DB160;;;;;;;;
98;TLM_BB;TLM_BODENBEDECKUNG;Objektart;Felsbloecke;Polygon;Generalization;RockFormation;DB160;;;;;;;;
99;TLM_BB;TLM_BODENBEDECKUNG;Objektart;Felsbloecke_locker;Polygon;Generalization;RockFormation;DB160;;;;;;;;
100;TLM_BB;TLM_BODENBEDECKUNG;Objektart;Lockergestein_locker;Polygon;Generalization;SoilSurfaceRegion;DA010;;;;;;;;
101;TLM_BB;TLM_BODENBEDECKUNG;Objektart;Gehoelzflaeche;Polygon;Generalization;Scrubland;EB010;;;;;;;;
102;TLM_BB;TLM_BODENBEDECKUNG;Objektart;Schneefeld_Toteis;Polygon;OK;PermanentSnowIce;BJ040;;;;;;;;
103;TLM_BB;TLM_EINZELBAUM_GEBUESCH;Objektart;Einzelbaum;Point;OK;Tree;EC005;;;;;;;;
104;TLM_EO;TLM_EINZELOBJEKT;Objektart;Bildstock;Point;Generalization;Monument;AL130;structureShape;SSC;cross;98;;;;
105;TLM_EO;TLM_EINZELOBJEKT;Objektart;Brunnen;Point;OK;Fountain;BI030;;;;;;;;
106;TLM_EO;TLM_EINZELOBJEKT;Objektart;Denkmal;Point;OK;Monument;AL130;;;;;;;;
107;TLM_EO;TLM_EINZELOBJEKT;Objektart;Gipfelkreuz;Point;Generalization;Monument;AL130;structureShape;SSC;cross;98;;;;
108;TLM_EO;TLM_EINZELOBJEKT;Objektart;Grotte_Hoehle;Point;OK;CaveMouth;DB029;;;;;;;;
109;TLM_EO;TLM_EINZELOBJEKT;Objektart;Quelle;Point;OK;Spring;BH170;;;;;;;;
110;TLM_EO;TLM_EINZELOBJEKT;Objektart;Triangulationspyramide;Point;Generalization;BoundaryMonument;AL025;;;;;;;;
111;TLM_EO;TLM_EINZELOBJEKT;Objektart;Wasserfall;Point;OK;Waterfall;BH180;;;;;;;;
112;TLM_EO;TLM_EINZELOBJEKT;Objektart;Wasserversorgung;Point;Generalization;Waterwork;AJ031;;;;;;;;
113;TLM_EO;TLM_EINZELOBJEKT;Objektart;Landesgrenzstein;Point;OK;BoundaryMonument;AL025;;;;;;;;
114;TLM_GEWAESSER;TLM_FLIESSGEWAESSER;Objektart;Bisse_Suone;Line;Generalization;Canal;BH020;;;;;;;;
115;TLM_GEWAESSER;TLM_FLIESSGEWAESSER;Objektart;Druckleitung_einfach;Line;OK;Pipeline;AQ113;;;;;;;;
116;TLM_GEWAESSER;TLM_FLIESSGEWAESSER;Objektart;Druckleitung_mehrfach;Line;OK;Pipeline;AQ113;;;;;;;;
117;TLM_GEWAESSER;TLM_FLIESSGEWAESSER;Objektart;Druckstollen;Line;Generalization;Tunnel;AQ130;;;;;;;;
118;TLM_GEWAESSER;TLM_FLIESSGEWAESSER;Objektart;Fliessgewaesser;Line;OK;River;BH140;;;;;;;;
119;TLM_GEWAESSER;TLM_FLIESSGEWAESSER;Objektart;Seeachse;Line;Generalization;InlandWaterbody;BH082;;;;;;;;
120;TLM_GEWAESSER;TLM_FLIESSGEWAESSER;Objektart;Trockenrinne;Line;Generalization;Ditch;BH030;;;;;;;;
121;TLM_GEWAESSER;TLM_STEHENDES_GEWAESSER;Objektart;See;Line;OK;InlandWaterbody;BH082;inlandWaterType;IWT;lake;1;;;;
122;TLM_GEWAESSER;TLM_STEHENDES_GEWAESSER;Objektart;Seeinsel;Line;OK;Island;BA030;;;;;;;;
123;TLM_NAMEN;TLM_FLURNAME;Objektart;Flurname_swisstopo;Point;Generalization;GeneralLocation;ZD040;;;;;;;;
124;TLM_NAMEN;TLM_FLURNAME;Objektart;Lokalname_swisstopo;Point;Generalization;GeneralLocation;ZD040;;;;;;;;
125;TLM_NAMEN;TLM_GEBIETSNAME;Objektart;Gebiet;Polygon;Generalization;AdministrativeDivision;FA001;;;;;;;;
126;TLM_NAMEN;TLM_GEBIETSNAME;Objektart;Grossregion;Polygon;Generalization;AdministrativeDivision;FA001;;;;;;;;
127;TLM_NAMEN;TLM_GEBIETSNAME;Objektart;Landschaftsname;Polygon;Generalization;LandArea;DA020;;;;;;;;
128;TLM_NAMEN;TLM_GELAENDENAME;Objektart;Gletscher;Polygon;OK;Glacier;BJ030;;;;;;;;
129;TLM_NAMEN;TLM_GELAENDENAME;Objektart;Graben;Polygon;Generalization;LandMorphologyArea;DB001;landMorphology;LND;valley;52;;;;
130;TLM_NAMEN;TLM_GELAENDENAME;Objektart;Grat;Polygon;Generalization;LandMorphologyArea;DB001;landMorphology;LND;ridge;42;;;;
131;TLM_NAMEN;TLM_GELAENDENAME;Objektart;Haupttal;Polygon;Generalization;LandMorphologyArea;DB001;landMorphology;LND;valley;52;;;;
132;TLM_NAMEN;TLM_GELAENDENAME;Objektart;Huegelzug;Polygon;Generalization;Hill;DB070;;;;;;;;
133;TLM_NAMEN;TLM_GELAENDENAME;Objektart;Massiv;Polygon;Generalization;LandMorphologyArea;DB001;landMorphology;LND;mountain;62;;;;
134;TLM_NAMEN;TLM_GELAENDENAME;Objektart;Seeteil;Polygon;Generalization;InlandWaterbody;BH082;;;;;;;;
135;TLM_NAMEN;TLM_GELAENDENAME;Objektart;Tal;Polygon;OK;LandMorphologyArea;DB001;landMorphology;LND;valley;52;;;;
136;TLM_NAMEN;TLM_NAME_PKT;Objektart;Alpiner_Gipfel;Point;Generalization;GeomorphicExtreme;DB080;featureType;FTY;peak;1;;;;
137;TLM_NAMEN;TLM_NAME_PKT;Objektart;Felskopf;Point;Generalization;GeomorphicExtreme;DB080;featureType;FTY;peak;1;;;;
138;TLM_NAMEN;TLM_NAME_PKT;Objektart;Gipfel;Point;OK;GeomorphicExtreme;DB080;featureType;FTY;peak;1;;;;
139;TLM_NAMEN;TLM_NAME_PKT;Objektart;Hauptgipfel;Point;OK;GeomorphicExtreme;DB080;featureType;FTY;peak;1;;;;
140;TLM_NAMEN;TLM_NAME_PKT;Objektart;Haupthuegel;Point;Generalization;Hill;DB070;;;;;;;;
141;TLM_NAMEN;TLM_NAME_PKT;Objektart;Huegel;Point;OK;Hill;DB070;;;;;;;;
142;TLM_NAMEN;TLM_NAME_PKT;Objektart;Pass;Point;OK;MountainPass;DB050;;;;;;;;
143;TLM_NAMEN;TLM_NAME_PKT;Objektart;Strassenpass;Point;Generalization;MountainPass;DB050;;;;;;;;
144;TLM_NAMEN;TLM_SIEDLUNGSNAME;Objektart;Ort;Polygon;OK;PopulatedPlace;AL105;;;;;;;;
145;TLM_NAMEN;TLM_SIEDLUNGSNAME;Objektart;Ortsteil;Polygon;Generalization;PopulatedPlace;AL105;;;;;;;;
146;TLM_NAMEN;TLM_SIEDLUNGSNAME;Objektart;Quartier;Polygon;Generalization;Neighbourhood;AL106;;;;;;;;
147;TLM_NAMEN;TLM_SIEDLUNGSNAME;Objektart;Quartierteil;Polygon;Generalization;Neighbourhood;AL106;;;;;;;;
148;TLM_OEV;TLM_EISENBAHN;Objektart;Kleinbahn;Line;Generalization;Railway;AN010;gaugeConfiguration;GAW;narrowGauge;2;;;;
149;TLM_OEV;TLM_EISENBAHN;Objektart;Normalspur;Line;OK;Railway;AN010;gaugeConfiguration;GAW;standardGauge;1;;;;
150;TLM_OEV;TLM_EISENBAHN;Objektart;Schmalspur;Line;OK;Railway;AN010;gaugeConfiguration;GAW;narrowGauge;2;;;;
151;TLM_OEV;TLM_EISENBAHN;Objektart;Schmalspur_mit_Normalspur;Line;Generalization;Railway;AN010;gaugeConfiguration;GAW;mixedGauge;4;;;;
152;TLM_OEV;TLM_HALTESTELLE;Objektart;Haltestelle_Bahn;Point;OK;TransportationStation;AQ125;meansTransportation;TME;railway;3;;;;
153;TLM_OEV;TLM_HALTESTELLE;Objektart;Haltestelle_Bus;Point;Generalization;TransportationStation;AQ125;meansTransportation;TME;bus;5;;;;
154;TLM_OEV;TLM_HALTESTELLE;Objektart;Haltestelle_Schiff;Point;OK;Harbour;BB005;;;;;;;;
155;TLM_OEV;TLM_HALTESTELLE;Objektart;Terminal;Point;OK;TransportationStation;AQ125;;;;;;;;
156;TLM_OEV;TLM_HALTESTELLE;Objektart;Uebrige_Bahnen;Point;Generalization;TransportationStation;AQ125;meansTransportation;TME;cableCar;14;;;;
157;TLM_OEV;TLM_SCHIFFFAHRT;Objektart;Autofaehre;Line;OK;FerryCrossing;AQ070;meansTransportation;TME;vehicleFerry;10;;;;
158;TLM_OEV;TLM_SCHIFFFAHRT;Objektart;Personenfaehre;Line;OK;FerryCrossing;AQ070;meansTransportation;TME;passengerFerry;12;;;;
159;TLM_OEV;TLM_UEBRIGE_BAHN;Objektart;Foerderband;Line;OK;Conveyor;AF060;;;;;;;;
160;TLM_OEV;TLM_UEBRIGE_BAHN;Objektart;Gondelbahn;Line;OK;Cableway;AT041;cablewayType;CAT;gondolaLift;6;;;;
161;TLM_OEV;TLM_UEBRIGE_BAHN;Objektart;Luftseilbahn;Line;OK;Cableway;AT041;cablewayType;CAT;aerialTramway;5;;;;
162;TLM_OEV;TLM_UEBRIGE_BAHN;Objektart;Sesselbahn;Line;OK;Cableway;AT041;cablewayType;CAT;chairLift;2;;;;
163;TLM_OEV;TLM_UEBRIGE_BAHN;Objektart;Skilift;Line;OK;Cableway;AT041;cablewayType;CAT;skiTow;3;;;;
164;TLM_OEV;TLM_UEBRIGE_BAHN;Objektart;Transportseil;Line;Generalization;Cableway;AT041;;;;;;;;
165;TLM_OEV;TLM_UEBRIGE_BAHN;Objektart;Lift;Line;Generalization;Cableway;AT041;cablewayType;CAT;teeBarLift;7;;;;
166;TLM_STRASSEN;TLM_AUS_EINFAHRT;Objektart;Verzweigung;Point;OK;RoadInterchange;AQ111;;;;;;;;
167;TLM_STRASSEN;TLM_AUS_EINFAHRT;Objektart;Ausfahrt;Point;Generalization;RoadInterchange;AQ111;;;;;;;;
168;TLM_STRASSEN;TLM_AUS_EINFAHRT;Objektart;Einfahrt;Point;Generalization;RoadInterchange;AQ111;;;;;;;;
169;TLM_STRASSEN;TLM_AUS_EINFAHRT;Objektart;Ein_und_Ausfahrt;Point;Generalization;RoadInterchange;AQ111;;;;;;;;
170;TLM_STRASSEN;TLM_STRASSE;Objektart;Ausfahrt;Line;Generalization;LandTransportationWay;AP030;;;;;;;;
171;TLM_STRASSEN;TLM_STRASSE;Objektart;Autobahn;Line;OK;LandTransportationWay;AP030;roadCharacteristics;RCH;motorway;1;;;;
172;TLM_STRASSEN;TLM_STRASSE;Objektart;Autostrasse;Line;Generalization;LandTransportationWay;AP030;roadCharacteristics;RCH;motorway;1;;;;
173;TLM_STRASSEN;TLM_STRASSE;Objektart;Autozug;Line;Generalization;FerryCrossing;AQ070;;;;;;;;
174;TLM_STRASSEN;TLM_STRASSE;Objektart;Dienstzufahrt;Line;Generalization;LandTransportationWay;AP030;;;;;;;;
175;TLM_STRASSEN;TLM_STRASSE;Objektart;Einfahrt;Line;Generalization;LandTransportationWay;AP030;;;;;;;;
176;TLM_STRASSEN;TLM_STRASSE;Objektart;Faehre;Line;OK;FerryCrossing;AQ070;;;;;;;;
177;TLM_STRASSEN;TLM_STRASSE;Objektart;Klettersteig;Line;not in DGIF;;;;;;;;;;
178;TLM_STRASSEN;TLM_STRASSE;Objektart;Markierte_Spur;Line;Generalization;LandTransportationWay;AP030;;;;;;;;
179;TLM_STRASSEN;TLM_STRASSE;Objektart;Platz;Line;OK;PublicSquare;AL170;;;;;;;;
180;TLM_STRASSEN;TLM_STRASSE;Objektart;Raststaette;Line;Generalization;Facility;AL010;;;;;;;;
181;TLM_STRASSEN;TLM_STRASSE;Objektart;Strasse_3m;Line;Generalization;LandTransportationWay;AP030;;;;;;;;
182;TLM_STRASSEN;TLM_STRASSE;Objektart;Strasse_4m;Line;Generalization;LandTransportationWay;AP030;;;;;;;;
183;TLM_STRASSEN;TLM_STRASSE;Objektart;Strasse_6m;Line;Generalization;LandTransportationWay;AP030;;;;;;;;
184;TLM_STRASSEN;TLM_STRASSE;Objektart;Strasse_8m;Line;Generalization;LandTransportationWay;AP030;;;;;;;;
185;TLM_STRASSEN;TLM_STRASSE;Objektart;Strasse_10m;Line;OK;LandTransportationWay;AP030;;;;;;;;
186;TLM_STRASSEN;TLM_STRASSE;Objektart;Verbindung;Line;Generalization;LandTransportationWay;AP030;;;;;;;;
187;TLM_STRASSEN;TLM_STRASSE;Objektart;Weg_1m;Line;Generalization;LandTransportationWay;AP030;;;;;;;;
188;TLM_STRASSEN;TLM_STRASSE;Objektart;Weg_2m;Line;Generalization;LandTransportationWay;AP030;;;;;;;;
189;TLM_STRASSEN;TLM_STRASSE;Objektart;Wegfragment_1m;Line;Generalization;LandTransportationWay;AP030;;;;;;;;
190;TLM_STRASSEN;TLM_STRASSE;Objektart;Wegfragment_2m;Line;Generalization;LandTransportationWay;AP030;;;;;;;;
191;TLM_STRASSEN;TLM_STRASSE;Objektart;Zufahrt;Line;Generalization;LandTransportationWay;AP030;;;;;;;;
192;TLM_STRASSEN;TLM_STRASSE;Objektart;Provisorium;Line;Generalization;LandTransportationWay;AP030;;;;;;;;
193;TLM_STRASSEN;TLM_STRASSENINFO;Objektart;Durchfahrtssperre;Point;Generalization;VehicleBarrier;AP040;;;;;;;;
194;TLM_STRASSEN;TLM_STRASSENINFO;Objektart;Erschliessung;Point;not in DGIF;;;;;;;;;;
195;TLM_STRASSEN;TLM_STRASSENINFO;Objektart;Loop_Junction;Point;Generalization;RoadInterchange;AQ111;;;;;;;;
196;TLM_STRASSEN;TLM_STRASSENINFO;Objektart;MISTRA_Zusatzknoten;Point;not in DGIF;;;;;;;;;;
197;TLM_STRASSEN;TLM_STRASSENINFO;Objektart;Raststaette;Point;Generalization;Facility;AL010;;;;;;;;
198;TLM_STRASSEN;TLM_STRASSENINFO;Objektart;Standardknoten;Point;not in DGIF;;;;;;;;;;
199;TLM_STRASSEN;TLM_STRASSENINFO;Objektart;Verladestation;Point;Generalization;TransportationStation;AQ125;;;;;;;;
200;TLM_STRASSEN;TLM_STRASSENINFO;Objektart;Zahlstelle;Point;not in DGIF;;;;;;;;;;
201;TLM_STRASSEN;TLM_STRASSENINFO;Objektart;Zollamt_24h_24h;Point;Generalization;Checkpoint;SU004;;;;;;;;
202;TLM_STRASSEN;TLM_STRASSENINFO;Objektart;Zollamt_24h_eingeschraenkt;Point;Generalization;Checkpoint;SU004;;;;;;;;
203;TLM_STRASSEN;TLM_STRASSENINFO;Objektart;Zollamt_eingeschraenkt;Point;Generalization;Checkpoint;SU004;;;;;;;;
204;TLM_STRASSEN;TLM_STRASSENINFO;Objektart;Namen;Point;not in DGIF;;;;;;;;;;
205;TLM_STRASSEN;TLM_STRASSENROUTE;Objektart;Europastrasse;;Generalization;LandRoute;AP031;;;;;;;;
206;TLM_STRASSEN;TLM_STRASSENROUTE;Objektart;Hauptstrasse_A;;Generalization;LandRoute;AP031;;;;;;;;
207;TLM_STRASSEN;TLM_STRASSENROUTE;Objektart;Hauptstrasse_B;;Generalization;LandRoute;AP031;;;;;;;;
208;TLM_STRASSEN;TLM_STRASSENROUTE;Objektart;Hauptstrasse_C;;Generalization;LandRoute;AP031;;;;;;;;
209;TLM_STRASSEN;TLM_STRASSENROUTE;Objektart;Hauptstrasse_swisstopo_gelb;;Generalization;LandRoute;AP031;;;;;;;;
210;TLM_STRASSEN;TLM_STRASSENROUTE;Objektart;Hauptstrasse_swisstopo_rot;;Generalization;LandRoute;AP031;;;;;;;;
211;TLM_STRASSEN;TLM_STRASSENROUTE;Objektart;HLS_Bund;;Generalization;LandRoute;AP031;;;;;;;;
212;TLM_STRASSEN;TLM_STRASSENROUTE;Objektart;HLS_Kanton;;Generalization;LandRoute;AP031;;;;;;;;
213;TLM_STRASSEN;TLM_STRASSENROUTE;Objektart;Kantonsstrasse;;Generalization;LandRoute;AP031;;;;;;;;
214;TLM_STRASSEN;TLM_STRASSENROUTE;Objektart;Nationalstrasse;;Generalization;LandRoute;AP031;;;;;;;;
215;TLM_STRASSEN;TLM_STRASSENROUTE;Objektart;Nebenstrasse;;Generalization;LandRoute;AP031;;;;;;;;
